{"cache":{"./config/mineify/sounds/sound_board/public/2e714d0e-4b93-402c-8ff0-b477d2fa9004/Nästa.ogg":{"path":"./config/mineify/sounds/sound_board/public/2e714d0e-4b93-402c-8ff0-b477d2fa9004/Nästa.ogg","hash":"d251c6ddce9fb49e4dd6ee712964b76fd55e8e9f59f61c708b6d34eb971d8a84","duration":0},"./config/mineify/sounds/sound_board/private/2e714d0e-4b93-402c-8ff0-b477d2fa9004/Skogsbacka.ogg":{"path":"./config/mineify/sounds/sound_board/private/2e714d0e-4b93-402c-8ff0-b477d2fa9004/Skogsbacka.ogg","hash":"cc33b87cfd132bb9ed8c36ceca0edc6229d50ea4e1e46cdedede244b722e4c27","duration":0},"./config/mineify/sounds/public/2e714d0e-4b93-402c-8ff0-b477d2fa9004/Nästa.ogg":{"path":"./config/mineify/sounds/public/2e714d0e-4b93-402c-8ff0-b477d2fa9004/Nästa.ogg","hash":"8eb267795eaf217375a5529154e09405d6514d667763e83ac411fae78566765c","duration":0},"./config/mineify/sounds/public/2e714d0e-4b93-402c-8ff0-b477d2fa9004/Skogsbacka.ogg":{"path":"./config/mineify/sounds/public/2e714d0e-4b93-402c-8ff0-b477d2fa9004/Skogsbacka.ogg","hash":"a6df8297c38e4c60d443c6df423a89cd4ff8460177fcfdf3c617b4fbe2c41dd2","duration":0}}}