{
  "enabled": true,
  "distance": 4.0,
  "random_placement": 1.0,
  "fuzziness": 1.0,
  "shuffle": false,
  "y_range": 64.0,
  "y_offset": 0.0,
  "sparsity": 0.0,
  "spacing": 5.25,
  "size_x_z": 16.0,
  "size_y": 8.0,
  "travel_speed": 0.03,
  "wind_effect_factor": 1.0,
  "wind_speed_factor": 1.0,
  "color_variation_factor": 1.0,
  "celestial_body_halo": true,
  "chunk_size": 32,
  "sampling_scale": 1.0,
  "scale_falloff_min": 0.25,
  "fade_edge": 0.15,
  "use_persistent_buffers": true,
  "iris_support": true,
  "cloud_override": true,
  "use_iris_f_b_o": true,
  "selected_preset": 0,
  "presets": [],
  "last_telemetry_version": 3,
  "gpu_incompatible_message_enabled": true,
  "enabled_dimensions": [
    "minecraft:overworld"
  ]
}